Adore,Di Batista
Eugine,Clipsham
Blondelle,Thresh
Sheelagh,Willimott
Marj,Fullun
Dulcine,Murkitt
Ashlen,Pressdee
Tiff,Lambourn
Renelle,Rawles
Marje,Coslett
Tallie,Bartholomaus
Rik,Legonidec
Rora,Hurton
Amie,Peakman
Lowell,Branche
Pierson,Hickin
Merrili,Nutman
Brantley,Doole
Cornelius,Swinburne
Romonda,Pheasant
Kermy,Gallienne
Davine,Rubberts
Pieter,Garza
Arvin,Oxlade
Elle,Gunthorp
Derick,Holdin
Hasty,Hassewell
Silvio,Zanazzi
Terrie,Brazelton
Esma,O'Bradane
Anjela,Driver
Patience,Di Baudi
Bobine,Lindmark
Monah,Rumke
Cecilius,Swannick
Valene,Robbel
Estel,Gear
Alleen,Edlin
Siffre,Bernocchi
Ilsa,Beange
Janet,Yakushkev
Aldrich,Silbersak
Perle,Sevin
Letti,Nacey
Kitty,Viant
Doug,Readshaw
Easter,Girton
Goran,Dwyer
Janna,Pidgen
Joice,Berka
Ania,Bawdon
Emelina,Kerins
Sutton,Sherborn
Fritz,MacGorley
Cirillo,Bradder
Clerkclaude,Wyllie
Cordey,Fozzard
Karna,Meredith
Frederic,Marshland
Michelina,Bradshaw
Tad,Muselli
Gert,Ivasyushkin
Dorthea,Alenichev
Winna,Vasilchikov
Tammie,Sutehall
Mariana,Kiddey
Traci,Ballingal
Marilin,Stefi
Kirby,Chestnutt
Jeramie,Eisold
Eolanda,Yelding
Charity,Tatham
Katusha,Rubertelli
Minette,Dring
Casper,Waterman
Shirl,Vasyagin
Miltie,Razoux
Lia,Waplington
Maxine,Doy
Lockwood,Pedel
Clementina,McCorry
Antons,Brennan
Friedrich,Palmer
Phillie,Pregal
Biddy,Sambrok
Zonda,Ellacott
Pall,Dyhouse
Imogen,Tohill
Lulu,Crowter
Vachel,Chaston
Hewett,Peddowe
Karilynn,Bernakiewicz
Rodolfo,Fruen
Tamera,Ruvel
Angeli,Morrish
Callie,Daftor
Alvis,Sidnell
Brad,Matashkin
Lotti,Putton
Henderson,Jouhning
Cecilius,Abdey
Yovonnda,Balasin
Ferrel,Franciotti
Barbabra,Arendsen
Karlis,Prior
Jemie,Malsher
Rockwell,Chander
Kile,Zettoi
Jill,Petkov
Vinnie,Calvey
Arman,Greenhalgh
Carilyn,Folbige
Robyn,Feldmark
Alfons,Hazelgrove
Suki,Flippini
Davida,Northfield
Starr,Cavan
Ikey,Blaycock
Andrus,Critchell
Betteanne,Mateev
Cherye,Victoria
Daisey,Malek
Rubi,Shulem
Konrad,Stanbra
Bendix,Valois
Roxine,Bruhn
Pauletta,Trass
Raychel,Skellorne
Marcel,Santo
Cristin,Parradice
Delphine,Trivett
Marigold,Nore
Justinn,Horribine
Mireille,Andriveau
Janel,Juanes
Maude,Hellyar
Jimmie,Izen
Conrade,Burgwyn
Madelin,Gerg
Berti,Driffill
Devina,Challener
Sadella,Buckeridge
Maggie,Leads
Bogart,Jane
Loren,Raffles
Lucais,Duval
Conny,Hordle
Mark,Airey
Corinne,Jeaffreson
Kathleen,Pinckney
Galven,Crabb
Gerard,Britt
Gilbertine,Hassent
Mollie,Pearson
Reinaldo,Gilhooley
Nestor,Filippone
Kiley,McCrum
Natka,McLeary
Bambie,Everex
Harwell,Moreton
Horton,Trubshaw
Edythe,Cholmondeley
Alaine,Hargate
Lynnette,Baudy
Bren,Stooders
Camila,Cyphus
Danya,Dulany
Gerty,Camp
Westbrook,Gale
Flem,Hurlston
James,Donohoe
Wynn,Andrassy
Hastie,Liddall
Meier,Mahaddy
Else,Benezeit
Tonye,Glossop
Nikolia,Azema
Ceciley,Aireton
Wat,Simner
Jessalyn,Scading
Thorpe,Tilston
Jillene,Ferrillo
Elias,Rowaszkiewicz
Zebulen,D'Adda
Reginauld,Parbrook
Ilka,Sandels
Rosco,Valentin
Joelynn,Lundy
Eimile,Gedge
Mathe,Claughton
Rouvin,Clifft
Eleen,Carden
Jenifer,MacKaig
Ethelind,Raunds
Neilla,Sciacovelli
Maximilian,Hourstan
Mada,Quarlis
Jonathon,Beccera
Artemas,McCreagh
Garek,Oxx
Stevana,Mytton
Cullen,Egdal
Lacie,Rape
Georges,Saunton
Octavia,Coote
Linus,Portinari
Vyky,Odhams
Bernice,Rigge
Alyssa,Philippsohn
Freddy,Griffoen
Noe,Spurrier
Leonidas,Setterington
Kristin,Curuclis
Rozelle,Maffey
Adriane,Keywood
Wynnie,Insole
Emmey,Fetherstan
Dorey,Jenk
Tina,Cansdale
Devondra,Ricardon
Stewart,Astupenas
Delly,Paffot
Viole,Kubista
Gaultiero,Robjohns
Abey,Gilpillan
Orland,Mandrake
Natalie,Kensall
Danya,Twigge
Eugenia,Wynter
Genni,Lanktree
Dyann,Skitt
Nester,Grzegorek
Rona,Jurgenson
Randie,Rainton
Merilyn,Ratke
Malvina,Stirman
Kiri,Wellard
Raul,Luberti
Therine,Sutty
Jaclin,Giron
Sidney,Cadamy
Dominik,Liston
Silas,Fosdike
Sonja,Grigori
Alethea,Rupert
Lucinda,Moorcraft
Lucio,Cramp
Pierre,Iddons
Sauveur,Gierke
Sammie,Lebbon
Essie,Paxman
David,Wheatman
Marty,Duck
Travis,Bockmaster
Maurine,Northen
Lavinie,Robarts
Sigismund,Skerm
Mauricio,Varren
Marrissa,McGrann
Fitzgerald,Berth
Mikol,Wahner
Araldo,Hughland
Llywellyn,Sibille
Kiri,Grannell
Georgena,Ferrea
Orville,Tessier
Rorie,Eykel
Fallon,Issit
Fedora,Crafts
Leroi,Prowting
Hadlee,Caller
Ursola,Herculeson
Anya,Pavlovsky
Haley,Wooffinden
Darsie,Cowderay
Erma,Edwardes
Forrester,Petrozzi
Frank,Shurmer
Petronia,Grunnill
Ertha,Yaldren
Misty,Lewzey
Giovanna,Wolfit
Daisi,Trusty
Pierrette,Curgenuer
Darda,Getley
Anitra,Annon
Verile,Haddow
Abagael,Frail
Cybil,Basil
Shari,Lambrecht
Tonie,Andrzej
Hilda,Lagden
Cristi,Roddy
Eveline,Brothwell
Barbe,Winwood
Raffarty,Castillou
Tanya,Jobson
Anthea,Petersen
Karolina,Tatford
Marj,Lefever
Ransell,Earney
Joice,Whitters
Wylma,Aymerich
Ellis,Shearmur
Ferguson,Banbrick
Redford,Fabb
Guy,Gingle
Heall,Womersley
Violet,Mitskevich
Quinta,Riccioppo
Wakefield,Wartnaby
Duane,Eilhart
Olin,Kettow
Kerwinn,Likly
Cloris,Fifield
Cary,Boom
Shannon,Brougham
Misti,Kundert
Tiphani,Djorevic
Morgan,Bellord
Sawyer,Robertz
Prent,Hyndman
Hubey,Boldt
Christian,Ramsbottom
Sibylla,Benoiton
George,Canet
Peri,Hacquoil
Lorilyn,Stenbridge
Jecho,McArley
Eddi,Troop
Sherm,Lipscombe
Sheffield,Brake
Milt,Bracchi
Laurens,Kesteven
Tressa,Fraschini
Giulietta,Foulger
Paulette,Dealy
Celina,Hubbuck
Greg,Jost
Drusi,Forder
Alika,McKirton
Stace,Tellwright
Corella,Gulk
Edgard,Cleeves
Vinita,Dabbes
Lorrayne,Colbert
Merissa,Pizzey
Nanice,Katz
Pearce,Klimov
Nissa,Rainey
Caddric,Nornable
Darb,Lohde
Myrtie,Burnapp
Tandie,Prinett
Rossie,Griffe
Ignaz,Cecere
Gratia,Summerell
Matilda,Alcido
Bryanty,Espinho
Manon,Crossgrove
Farrah,MacNish
Cate,Bayly
Puff,Mitkov
Tisha,Phelp
Othelia,Di Bartolomeo
Karyn,Vicker
Nollie,Ravilus
Hammad,Marns
Giff,Doxey
Clo,Sheehan
Ede,Wharby
Corabelle,Dumingo
Antin,Mullany
Reeta,Scipsey
Jania,Ledbury
Augustine,Clarricoates
Eberto,Halbert
Jeanine,Czajka
Chris,Plumley
Armando,Scirman
Nikolia,Twiggins
Woodman,Jevons
Dyan,Ithell
Aveline,Josefsohn
Remington,Buddle
Therine,Bilofsky
Layney,McGilvary
Hodge,Yakov
Ky,Oakinfold
Levon,Shewry
Kelsy,Jovanovic
Rutter,Hovenden
Stuart,Sperrett
Josiah,Craythorn
Tamarah,Domeny
Star,Standish-Brooks
Sherill,Bowerbank
Addison,Ducker
Ursola,Hancke
Gregorius,Sigmund
Gwenora,Pillinger
Faythe,Woofendell
Colman,Joblin
Ulysses,Bonsul
Valentijn,Maroney
Keane,Tichelaar
Maryrose,Stillgoe
Kenton,Hagyard
Wolfy,Measham
Elisa,Jeffray
Devora,Duhig
Izaak,Brittlebank
Cynthia,Barbisch
Cristal,Dobby
Deny,Stoute
Bette-ann,Pauli
Ezri,Candlin
Margaret,Blaxill
Walden,Dreus
Korrie,Matuszkiewicz
Roma,Waldera
Arlene,Rushby
Rayshell,Oleszkiewicz
Candie,Muncer
Osborne,Codner
Waylen,Joppich
Bryce,Gillopp
Clarisse,Gelly
Bernhard,Doxey
Celka,Duester
Wynne,Lindborg
Perl,Harnor
Dulcea,Van Niekerk
Kirsti,Badini
Erhart,Kingsworth
Erminia,Desquesnes
Gerry,Shortcliffe
Lyndel,Walder
Afton,Ducker
Angeline,Pegden
Joycelin,Mastrantone
Henka,Ridulfo
Klemens,Sarvar
Anastassia,McCarle
Lennard,Minifie
Pablo,Brute
Modestia,Menat
Arden,Leith
Franciska,Meriet
Brunhilda,Baumford
Bailie,Chaffey
Franklyn,Eastcott
Bondy,Fantini
Ashlan,Lambarton
Ryun,Blooman
Rubetta,Mulgrew
Estrellita,Aird
Charmian,Gourlie
Wyatt,De Maine
Anderea,Carrel
Ellette,Zaniolo
Abigail,Fincher
Cornelia,Sandeford
Demetris,Fawkes
Sergeant,Leverich
Carena,Spratt
Keene,Roney
Birch,Gavin
Augustine,Oldacre
Amble,Jarlmann
Hinda,Osgordby
Lexis,Avent
Francois,Willcock
Ulysses,Pickrill
Dru,Raggatt
Nero,Claworth
Gertrud,McGloughlin
Delmer,Lomasney
Arnoldo,Forsyth
Bertram,Dorro
Becka,Guttridge
Elbert,Turfs
Cori,Motton
Dilan,Grugerr
Devonne,Bispham
Philippa,Desquesnes
Welbie,Sertin
Tova,Fesby
Darby,Edgworth
Leta,Oldale
Farr,Haquard
Ashly,Stellman
Kathye,Sumner
Eveline,Conre
Marco,McAllaster
Erik,Stotherfield
Caren,Ormond
Torrance,Haliburton
Mickie,McLugaish
Hortense,Bickerdyke
Miranda,McNea
Lindy,Monnelly
Nicki,Pitson
Bernardina,Stent
Giordano,Reinger
Roosevelt,Fargie
Reed,Woollard
Randi,Folder
Lorette,Tunnicliff
Francene,Jennins
Carilyn,Danilov
Paolo,McEllen
Linell,Noye
Ernestine,McDell
Cassie,Isard
Tony,Chippindale
Diego,Morad
Lennard,Heeran
Maggee,Standing
Idelle,Gagie
Ulrick,Andreev
Lorianne,Girardot
Jacquenette,Feben
Mohandas,Persich
Cherlyn,Aldersey
Kassey,Penreth
Nettie,Glede
Matthus,Tuck
Bay,Lingley
Artur,Jeyness
Micheal,Arendsen
Sib,Chasney
Kimmie,Pashan
Mae,Spencock
Raquela,Newbury
Cedric,Kerry
Anatol,Howieson
Daisi,Jeromson
Molly,Agent
Jeanie,Hawkridge
Gaylor,Pyner
Eryn,Kerrane
Quincy,Thickins
Carola,Mattholie
Derby,Cripin
Kai,Cassius
Bekki,MacDougall
Delia,Causey
Rosabel,Clemendet
Correy,Knowlton
Bret,Gino
Vern,Cohen
Ingra,Daggett
Hally,Cattroll
Gladys,Ruddle
Robbie,Penrose
Bent,Robillart
Eli,Peverell
Englebert,Elkin
Ericka,Eard
Rodd,Lenham
Cornela,Pragnell
Nathanael,Thomen
Emmit,Exposito
Corby,McDirmid
Anne,Isaac
Karlene,Egan
Marabel,Lapslie
Nobe,Poltone
Randa,Feeney
Lianna,Handrahan
Corenda,Reboulet
Corabel,Fley
Yoshiko,Jubert
Javier,Togher
Quintina,Newbury
Julie,Pedgrift
Diahann,Snelle
Natasha,Cholonin
Ginnie,Redmayne
Cece,Stammer
Rasla,Semble
Linea,Beardwood
Brina,Potteridge
Nicol,Gange
Erminia,Stempe
Aubrey,Marrow
Ellery,Lafond
Gonzalo,Dearden
Aida,Birch
Kacy,Crinson
Jessee,Maunton
Marcy,Timlin
Mame,Allery
Morgana,Clynmans
Pippa,Dillistone
Johann,Farmar
Theressa,Skarr
Regan,Bisley
Frederica,Hargitt
Asia,Strudwick
Salmon,Cisson
Lorinda,Ludron
Martin,Habron
Augustina,Kowalski
Colet,Hawkyens
Waneta,O'Meara
Madelene,McMurthy
Mollie,Staniforth
Querida,Phoenix
Wanda,Peek
Salim,Placidi
Batsheva,Ox
Sherlocke,Bly
Claude,Di Giacomo
Saxon,Thatcham
Kath,Rantoull
Cary,Thayre
Alic,Coakley
Lewiss,Grundon
Felike,Davoren
Virgil,Verring
Judy,McVitty
Timoteo,Parlour
Kore,Searson
Lorrayne,Andri
Atlante,Dradey
Jessamine,Gillani
Blithe,Drinkhall
Bryn,Dollar
George,Coste
Indira,Coopey
Eugenie,Lengthorn
Hoyt,Seavers
Adolpho,Pirot
Betti,Reilinger
Aloise,Hurle
Lee,Curro
Violante,McGrath
Carie,Harmon
Emile,Gobell
Gabby,Gerasch
Anestassia,Morot
Aharon,Hucknall
Devy,Moreland
Drucie,Schutt
Cliff,Oxbrow
Sadella,Bearn
Maximilianus,Stannering
Maryrose,Bergeon
Billi,Crame
Smitty,Carabine
Sherye,Holywell
Tull,Corryer
Woody,Lanfer
Matias,Shellibeer
Georgianne,Pollak
Karoly,Toffts
Flin,Le Hucquet
Carolynn,Ludye
Joane,Betjeman
Maje,Pask
Ewan,Kippen
Jaime,Whodcoat
Anders,Twizell
Pryce,Bunt
Jillayne,Audrey
Lorens,Docherty
Ryann,Rous
Cherise,Gamet
Anstice,Augie
Malinde,Ianittello
Wake,Durham
Beale,Itzkovici
Ronna,Northin
Waylon,Badder
Virgil,Eggar
Anna,Horburgh
Giselle,Scotts
Riva,Clapison
Rosalinda,Heselwood
Jobi,Garnall
Kenon,Dykas
Ray,Takle
Cahra,Walthall
Humfrey,Verrick
Gil,Chese
Christi,Itchingham
Tedmund,Cohr
Erina,Dale
Ailey,Rushby
Manfred,Durnan
Wildon,Gillespie
Ernestus,Waulker
Angy,Chattell
Xylia,Dallicott
Bonnee,Luchetti
Lyle,Caven
Theo,Cornau
Kass,Pindell
Corby,Thomasset
Wait,Nibloe
Walsh,Blundan
Klemens,Lusgdin
Marlane,Wethey
Vail,Ibbs
Anatola,Burtwhistle
Amitie,Bernade
Kaila,Cabrera
Cazzie,Jirak
Katya,Burlingame
Lesly,Zold
Rick,Greber
Mar,Pahlsson
Mimi,Eborn
Ollie,Jeaffreson
Corenda,Valentim
Saba,Yezafovich
Marthena,Murthwaite
Mallorie,Vassall
Cecelia,Plunket
Emmi,Cruz
Darla,Naul
Ema,Zelley
Reinold,McCathay
Lyndy,Fussen
Ketti,Epelett
Marci,Gaule
Bliss,Tafani
Pip,Gilardone
Juieta,Osbidston
Matilde,Pargent
Jamal,Camble
Woodrow,Ferrige
Damaris,Hefferon
Delmor,Fysh
Yolanthe,Domange
Martynne,Flewin
Clarke,Jeves
Patrice,Luisetti
Angelique,Harvett
Faythe,Shackleton
Phillipp,Felix
Drona,Petruszka
Patience,Wace
Fedora,Verchambre
Nancey,O'Shevlan
Aila,Gatenby
Anders,Dowdell
Alwyn,Setterfield
Nealson,Segeswoeth
Padriac,Trustrie
Roma,Thomsson
Adorne,Melarkey
Yulma,Bellsham
Hanan,Stoffers
Humfrey,Broader
Ariel,Barca
Lindy,Thorald
Dyana,Dartan
Rorie,Scaice
Stanfield,Trippett
Deirdre,Thickin
Mechelle,Larmett
Damiano,Duffett
Cullin,Suddards
Nadean,Pothergill
Yankee,Yurkin
Lauren,Frude
Fabe,Sallowaye
Bucky,Spink
Ara,Lathe
Maurine,Benwell
Kimberlee,Gurner
Sinclare,Auld
Ken,Filipovic
Konstance,Rodda
Bobbee,McCardle
Andra,Urwin
Cully,Domanek
Sauncho,MacLaren
Theo,Aldersley
Brynn,Hawkswell
Hodge,Gaydon
Bibbye,Althrope
Lezlie,Hillum
Timi,Blagburn
Julita,Carder
Linnell,Antczak
Langsdon,Bendel
Vergil,Minico
Valma,Drains
Merrile,Allwell
Raddie,Munns
Tannie,Matzel
Jocelyn,Passfield
Sophey,Dale
Ossie,Sooley
Maribelle,Clooney
Dulcia,Comelli
Murial,Romeril
Tybie,Chelley
Emmanuel,Laskey
Whitby,Fiveash
Hanan,Matskiv
Pail,Beards
Gwenny,De Lascy
Deanna,Deamer
Obadiah,Pressman
Genna,Farrier
Giffie,Brigstock
Raychel,Schwandt
Eleni,Littlefair
Rozina,Alderson
Annmaria,Luckcock
Courtenay,Lacroutz
Mordecai,Balme
Nealy,MacDonough
Izaak,Habbema
Fletch,Kasman
Kelsi,Bartod
Obed,Croyden
Tani,Cessford
Neala,Hyder
Maible,Saiger
Jaquenette,MacMeeking
Jackqueline,Stanton
Randolf,Barnhill
Blane,Stelljes
Lilian,Ervine
Ernest,Skehens
Percy,Beauchamp
Veronica,Bearward
Josselyn,Manson
Vittoria,Mossop
Aldwin,Sherbrook
Bernadette,Swales
Tommy,Parzizek
Trisha,Reyson
Jessey,Gittis
Cathlene,Chardin
Anallise,Piens
Yul,Spottiswood
Ban,Strutz
Karin,Hirtzmann
Charmaine,Messent
Griswold,Sayburn
Nico,Huffadine
Lauree,McAviy
Ikey,Tombleson
Hughie,Oldacre
Johan,Hilbourne
Fremont,Offell
Bethany,Kill
Roosevelt,Welldrake
Jayson,Smewin
Joelly,Denes
Corey,Stamper
Nanice,Lumly
Marty,De Vile
Denney,Lanfear
Auberta,Marple
Desirae,Siggens
Glen,Emes
Paulo,Wessell
Barb,Crummey
Lonnard,Churn
Ethelin,Raith
Leoine,Hotson
Katleen,Krauss
Mikol,Mullin
Hedi,Speed
Piper,Carah
Cornie,Roggeman
Stepha,Dashwood
Mordecai,Demangel
Tessi,Fontes
Judon,Trapp
Cris,Littlejohn
Helyn,Mullally
Rolando,Yacobsohn
Waylon,Clair
Pasquale,Bickerstasse
Sayres,Di Giorgio
Sidonnie,Silly
Jessika,Samways
Ethe,Lean
Fina,Roston
Sheba,Pauwel
Donnie,Dollar
Malissa,Satchel
Joell,Firpi
Hirsch,Pollicatt
Fanni,Tythacott
Seamus,Jantot
Dotti,Briscow
Ly,Moon
Darb,Feaks
Kathryne,Wherry
Pall,Veevers
Alisander,MacFaul
Julita,Alywen
Tomaso,Edmeads
Stanley,Steeples
Hercule,Barabisch
Cecilio,Galer
Kaylyn,Tuffey
Nerte,Golder
Hammad,Maylin
Fabe,Jaye
Haroun,Woodage
Laraine,Haggart
Jolene,Millery
Dionisio,Forge
Teddi,Collis
Frazier,Extence
Lexine,Farndon
Rollie,Lilliman
Washington,Parsall
Claire,Bertomieu
Bellanca,Cussen
Theressa,Krier
Filippo,McIlvaney
Juieta,Volcker
Val,Harefoot
Moria,Joicey
Saree,Lemerie
Evy,De Biasio
Kerby,Peacham
Stephan,Keppie
Emmalynne,Dodswell
Kinny,Jenteau
Annie,Reeveley
Isabelita,Grewer
Elsworth,McQuade
Kayne,Covington
Kaila,Daice
Curtis,Torricella
Darrel,Lapre
Sharlene,Truce
Waverley,Coggles
Martino,Essel
Gene,McGarrie
Baillie,Walworche
Nealson,Vivian
Mercie,Mitchiner
Dell,Dore
Fayette,Jura
Dougie,Swanton
Fraze,Phoenix
Shayne,Lamburne
Vin,Bjorkan
Bondon,O'Grady
Corrie,Perutto
Eleanore,Bleakley
Lucinda,Middlehurst
Vick,Twinborough
Doug,Lewis
Armstrong,Oblein
Naoma,Bickerdyke
Shurlocke,Wycherley
Jim,Casajuana
Hunt,Tinman
Hortense,Tredgold
Yuma,Ruston
Worthy,Kilduff
Hatty,Colville
Teresita,Hawkshaw
Dyan,Gabriel
Trey,Phillipp
Flin,Wonham
Orel,Littlefield
Donelle,Bloom
Valaree,Maylard
Lisle,Trevear
Vonni,Engeham
Kesley,Eyden
Harriett,Paullin
Nyssa,Ramelet
Valentin,Cadogan
Cahra,Flintoff
Merrel,Craze
Dani,Medgewick
Aaren,MacCrosson
Marylee,Slater
Shane,Cockarill
Burt,Gerry
Karoly,Hanhard
Prue,Coundley
Leah,Dunkersley
Garret,Hulme
Maribelle,Mattaus
Wilmar,Sixsmith
Sophronia,Tombleson
Martynne,Clipson
Stoddard,MacCracken
Iolande,Sarfass
Tammie,Dybell
Adrianne,Waylett
Isidro,Featherstonhalgh
